Name,Review,Location,Phone Number
Rating,Review not found,"Lucknow, Uttar Pradesh",0522 404 8101
Cuisine,Review not found,"Lucknow, Uttar Pradesh",094155 00056
Hours,Review not found,"Lucknow, Uttar Pradesh",086577 68894
Milan A Speciality Restaurant,Review not found,"Lucknow, Uttar Pradesh",074084 16415
Moti Mahal Restaurant,Review not found,"Lucknow, Uttar Pradesh",0522 404 4777
Curry Leaf Hazratganj,Review not found,"Lucknow, Uttar Pradesh",Closed ⋅ Opens 6:45 pm · 098711 17968
Moti Mahal Delux - Hazratganj,4.9,"Lucknow, Uttar Pradesh",093059 49475
Tava Restaurant,4.2,"Lucknow, Uttar Pradesh",091150 04646
Tanatan,4.4,"Lucknow, Uttar Pradesh",Closes soon ⋅ 5 pm · 099364 38000
Royal Sky,4.4,"Lucknow, Uttar Pradesh",0522 430 7866
The Mughal's Dastarkhawan,4.8,"Lucknow, Uttar Pradesh",070811 65795
Indian Accent,4.1,"Lucknow, Uttar Pradesh",0522 430 7223
Spice Caves,4.2,"Lucknow, Uttar Pradesh",094150 99482
Kukkad Rangila,4.2,"Lucknow, Uttar Pradesh",Closed ⋅ Opens 7 pm · 011 2611 2233
Naimat Khana,4.7,"Lucknow, Uttar Pradesh",0522 404 8133
